[
  {
    "province": "Hà Nội",
    "cities": [
      "Quận Ba Đình",
      "Quận Hoàn Kiếm",
      "Quận Đống Đa",
      "Quận Hai Bà Trưng",
      "Quận Hoàng Mai",
      "Quận Cầu Giấy",
      "Quận Nam Từ Liêm",
      "Quận Bắc Từ Liêm",
      "Huyện Đông Anh",
      "Thị xã Sơn Tây"
    ]
  },
  {
    "province": "TP. Hồ Chí Minh",
    "cities": [
      "Quận 1",
      "Quận 3",
      "Quận 5",
      "Quận 7",
      "Quận 10",
      "Quận Bình Thạnh",
      "Quận Phú Nhuận",
      "Thành phố Thủ Đức",
      "Huyện Nhà Bè",
      "Huyện Củ Chi"
    ]
  },
  {
    "province": "Hải Phòng",
    "cities": [
      "Quận Hồng Bàng",
      "Quận Ngô Quyền",
      "Quận Lê Chân",
      "Quận Hải An",
      "Quận Đồ Sơn",
      "Quận Dương Kinh",
      "Huyện Thủy Nguyên",
      "Huyện An Dương",
      "Huyện Cát Hải",
      "Huyện Kiến Thụy"
    ]
  },
  {
    "province": "Đà Nẵng",
    "cities": [
      "Quận Hải Châu",
      "Quận Thanh Khê",
      "Quận Sơn Trà",
      "Quận Ngũ Hành Sơn",
      "Quận Liên Chiểu",
      "Quận Cẩm Lệ",
      "Huyện Hòa Vang",
      "Huyện Hoàng Sa"
    ]
  },
  {
    "province": "Cần Thơ",
    "cities": [
      "Quận Ninh Kiều",
      "Quận Bình Thủy",
      "Quận Cái Răng",
      "Quận Ô Môn",
      "Quận Thốt Nốt",
      "Huyện Phong Điền",
      "Huyện Thới Lai",
      "Huyện Cờ Đỏ",
      "Huyện Vĩnh Thạnh"
    ]
  },
  {
    "province": "An Giang",
    "cities": [
      "Thành phố Long Xuyên",
      "Thành phố Châu Đốc",
      "Thị xã Tân Châu",
      "Huyện Châu Phú",
      "Huyện Châu Thành",
      "Huyện Chợ Mới",
      "Huyện An Phú",
      "Huyện Phú Tân",
      "Huyện Thoại Sơn",
      "Huyện Tịnh Biên",
      "Huyện Tri Tôn"
    ]
  },
  {
    "province": "Bà Rịa - Vũng Tàu",
    "cities": [
      "Thành phố Vũng Tàu",
      "Thành phố Bà Rịa",
      "Thị xã Phú Mỹ",
      "Huyện Long Điền",
      "Huyện Đất Đỏ",
      "Huyện Xuyên Mộc",
      "Huyện Châu Đức",
      "Huyện Côn Đảo"
    ]
  },
  {
    "province": "Bắc Giang",
    "cities": [
      "Thành phố Bắc Giang",
      "Huyện Việt Yên",
      "Huyện Yên Dũng",
      "Huyện Lục Nam",
      "Huyện Lục Ngạn",
      "Huyện Hiệp Hòa",
      "Huyện Tân Yên",
      "Huyện Lạng Giang",
      "Huyện Sơn Động",
      "Huyện Yên Thế"
    ]
  },
  {
    "province": "Bắc Kạn",
    "cities": [
      "Thành phố Bắc Kạn",
      "Huyện Ba Bể",
      "Huyện Bạch Thông",
      "Huyện Chợ Đồn",
      "Huyện Chợ Mới",
      "Huyện Na Rì",
      "Huyện Ngân Sơn",
      "Huyện Pác Nặm"
    ]
  },
  {
    "province": "Bạc Liêu",
    "cities": [
      "Thành phố Bạc Liêu",
      "Thị xã Giá Rai",
      "Huyện Đông Hải",
      "Huyện Hòa Bình",
      "Huyện Hồng Dân",
      "Huyện Phước Long",
      "Huyện Vĩnh Lợi"
    ]
  },
  {
    "province": "Bắc Ninh",
    "cities": [
      "Thành phố Bắc Ninh",
      "Thành phố Từ Sơn",
      "Huyện Yên Phong",
      "Huyện Quế Võ",
      "Huyện Tiên Du",
      "Huyện Thuận Thành",
      "Huyện Gia Bình",
      "Huyện Lương Tài"
    ]
  },
  {
    "province": "Bến Tre",
    "cities": [
      "Thành phố Bến Tre",
      "Huyện Châu Thành",
      "Huyện Chợ Lách",
      "Huyện Bình Đại",
      "Huyện Ba Tri",
      "Huyện Giồng Trôm",
      "Huyện Mỏ Cày Bắc",
      "Huyện Mỏ Cày Nam",
      "Huyện Thạnh Phú"
    ]
  },
  {
    "province": "Bình Định",
    "cities": [
      "Thành phố Quy Nhơn",
      "Thị xã An Nhơn",
      "Thị xã Hoài Nhơn",
      "Huyện Tây Sơn",
      "Huyện Phù Cát",
      "Huyện Phù Mỹ",
      "Huyện Tuy Phước",
      "Huyện Hoài Ân",
      "Huyện Vân Canh",
      "Huyện An Lão"
    ]
  },
  {
    "province": "Bình Dương",
    "cities": [
      "Thành phố Thủ Dầu Một",
      "Thành phố Dĩ An",
      "Thành phố Thuận An",
      "Thị xã Bến Cát",
      "Thị xã Tân Uyên",
      "Huyện Bàu Bàng",
      "Huyện Bắc Tân Uyên",
      "Huyện Phú Giáo",
      "Huyện Dầu Tiếng"
    ]
  },
  {
    "province": "Bình Phước",
    "cities": [
      "Thành phố Đồng Xoài",
      "Thị xã Phước Long",
      "Thị xã Bình Long",
      "Huyện Chơn Thành",
      "Huyện Hớn Quản",
      "Huyện Đồng Phú",
      "Huyện Bù Đăng",
      "Huyện Bù Đốp",
      "Huyện Lộc Ninh",
      "Huyện Phú Riềng",
      "Huyện Bù Gia Mập"
    ]
  },
  {
    "province": "Bình Thuận",
    "cities": [
      "Thành phố Phan Thiết",
      "Thị xã La Gi",
      "Huyện Bắc Bình",
      "Huyện Hàm Thuận Bắc",
      "Huyện Hàm Thuận Nam",
      "Huyện Hàm Tân",
      "Huyện Đức Linh",
      "Huyện Tánh Linh",
      "Huyện Tuy Phong",
      "Huyện Phú Quý"
    ]
  },
  {
    "province": "Cà Mau",
    "cities": [
      "Thành phố Cà Mau",
      "Huyện Cái Nước",
      "Huyện Đầm Dơi",
      "Huyện Năm Căn",
      "Huyện Ngọc Hiển",
      "Huyện Phú Tân",
      "Huyện Thới Bình",
      "Huyện Trần Văn Thời",
      "Huyện U Minh"
    ]
  },
  {
    "province": "Cao Bằng",
    "cities": [
      "Thành phố Cao Bằng",
      "Huyện Bảo Lạc",
      "Huyện Bảo Lâm",
      "Huyện Hạ Lang",
      "Huyện Hà Quảng",
      "Huyện Hòa An",
      "Huyện Nguyên Bình",
      "Huyện Quảng Hòa",
      "Huyện Thạch An",
      "Huyện Trùng Khánh"
    ]
  },
  {
    "province": "Đắk Lắk",
    "cities": [
      "Thành phố Buôn Ma Thuột",
      "Thị xã Buôn Hồ",
      "Huyện Ea H'leo",
      "Huyện Ea Kar",
      "Huyện Ea Súp",
      "Huyện Krông Ana",
      "Huyện Krông Bông",
      "Huyện Krông Buk",
      "Huyện Krông Năng",
      "Huyện Krông Pắc",
      "Huyện Lắk",
      "Huyện M'Đrắk",
      "Huyện Cư Kuin",
      "Huyện Cư M'gar"
    ]
  },
  {
    "province": "Đắk Nông",
    "cities": [
      "Thành phố Gia Nghĩa",
      "Huyện Cư Jút",
      "Huyện Đắk Glong",
      "Huyện Đắk Mil",
      "Huyện Đắk R'Lấp",
      "Huyện Đắk Song",
      "Huyện Krông Nô",
      "Huyện Tuy Đức"
    ]
  },
  {
    "province": "Điện Biên",
    "cities": [
      "Thành phố Điện Biên Phủ",
      "Thị xã Mường Lay",
      "Huyện Điện Biên",
      "Huyện Điện Biên Đông",
      "Huyện Mường Chà",
      "Huyện Mường Nhé",
      "Huyện Nậm Pồ",
      "Huyện Tủa Chùa",
      "Huyện Tuần Giáo"
    ]
  },
  {
    "province": "Đồng Nai",
    "cities": [
      "Thành phố Biên Hòa",
      "Thành phố Long Khánh",
      "Huyện Nhơn Trạch",
      "Huyện Long Thành",
      "Huyện Trảng Bom",
      "Huyện Xuân Lộc",
      "Huyện Thống Nhất",
      "Huyện Vĩnh Cửu",
      "Huyện Định Quán",
      "Huyện Cẩm Mỹ",
      "Huyện Tân Phú"
    ]
  },
  {
    "province": "Đồng Tháp",
    "cities": [
      "Thành phố Cao Lãnh",
      "Thành phố Sa Đéc",
      "Thành phố Hồng Ngự",
      "Huyện Lấp Vò",
      "Huyện Lai Vung",
      "Huyện Châu Thành",
      "Huyện Thanh Bình",
      "Huyện Tam Nông",
      "Huyện Tân Hồng",
      "Huyện Tháp Mười",
      "Huyện Cao Lãnh"
    ]
  },
  {
    "province": "Gia Lai",
    "cities": [
      "Thành phố Pleiku",
      "Thị xã An Khê",
      "Thị xã Ayun Pa",
      "Huyện Chư Păh",
      "Huyện Chư Prông",
      "Huyện Chư Sê",
      "Huyện Đăk Đoa",
      "Huyện Đăk Pơ",
      "Huyện Đức Cơ",
      "Huyện Ia Grai",
      "Huyện Ia Pa",
      "Huyện KBang",
      "Huyện Krông Pa",
      "Huyện Mang Yang",
      "Huyện Phú Thiện"
    ]
  },
  {
    "province": "Hà Giang",
    "cities": [
      "Thành phố Hà Giang",
      "Huyện Đồng Văn",
      "Huyện Mèo Vạc",
      "Huyện Quản Bạ",
      "Huyện Yên Minh",
      "Huyện Bắc Mê",
      "Huyện Bắc Quang",
      "Huyện Hoàng Su Phì",
      "Huyện Quang Bình",
      "Huyện Vị Xuyên",
      "Huyện Xín Mần"
    ]
  },
  {
    "province": "Hà Nam",
    "cities": [
      "Thành phố Phủ Lý",
      "Thị xã Duy Tiên",
      "Huyện Bình Lục",
      "Huyện Kim Bảng",
      "Huyện Lý Nhân",
      "Huyện Thanh Liêm"
    ]
  },
  {
    "province": "Hà Tĩnh",
    "cities": [
      "Thành phố Hà Tĩnh",
      "Thị xã Hồng Lĩnh",
      "Thị xã Kỳ Anh",
      "Huyện Cẩm Xuyên",
      "Huyện Can Lộc",
      "Huyện Đức Thọ",
      "Huyện Hương Khê",
      "Huyện Hương Sơn",
      "Huyện Lộc Hà",
      "Huyện Nghi Xuân",
      "Huyện Thạch Hà",
      "Huyện Vũ Quang"
    ]
  },
  {
    "province": "Hải Dương",
    "cities": [
      "Thành phố Hải Dương",
      "Thành phố Chí Linh",
      "Thị xã Kinh Môn",
      "Huyện Bình Giang",
      "Huyện Cẩm Giàng",
      "Huyện Gia Lộc",
      "Huyện Kim Thành",
      "Huyện Nam Sách",
      "Huyện Ninh Giang",
      "Huyện Thanh Hà",
      "Huyện Thanh Miện",
      "Huyện Tứ Kỳ"
    ]
  },
  {
    "province": "Hậu Giang",
    "cities": [
      "Thành phố Vị Thanh",
      "Thành phố Ngã Bảy",
      "Thị xã Long Mỹ",
      "Huyện Châu Thành",
      "Huyện Châu Thành A",
      "Huyện Long Mỹ",
      "Huyện Phụng Hiệp",
      "Huyện Vị Thủy"
    ]
  },
  {
    "province": "Hòa Bình",
    "cities": [
      "Thành phố Hòa Bình",
      "Huyện Đà Bắc",
      "Huyện Kim Bôi",
      "Huyện Lạc Sơn",
      "Huyện Lạc Thủy",
      "Huyện Lương Sơn",
      "Huyện Mai Châu",
      "Huyện Tân Lạc",
      "Huyện Yên Thủy",
      "Huyện Cao Phong"
    ]
  },
  {
    "province": "Hưng Yên",
    "cities": [
      "Thành phố Hưng Yên",
      "Thị xã Mỹ Hào",
      "Huyện Ân Thi",
      "Huyện Khoái Châu",
      "Huyện Kim Động",
      "Huyện Phù Cừ",
      "Huyện Tiên Lữ",
      "Huyện Văn Giang",
      "Huyện Văn Lâm",
      "Huyện Yên Mỹ"
    ]
  },
  {
    "province": "Khánh Hòa",
    "cities": [
      "Thành phố Nha Trang",
      "Thành phố Cam Ranh",
      "Thị xã Ninh Hòa",
      "Huyện Cam Lâm",
      "Huyện Diên Khánh",
      "Huyện Khánh Sơn",
      "Huyện Khánh Vĩnh",
      "Huyện Trường Sa",
      "Huyện Vạn Ninh"
    ]
  },
  {
    "province": "Kiên Giang",
    "cities": [
      "Thành phố Rạch Giá",
      "Thành phố Phú Quốc",
      "Thành phố Hà Tiên",
      "Huyện An Biên",
      "Huyện An Minh",
      "Huyện Châu Thành",
      "Huyện Giang Thành",
      "Huyện Giồng Riềng",
      "Huyện Gò Quao",
      "Huyện Hòn Đất",
      "Huyện Kiên Hải",
      "Huyện Kiên Lương",
      "Huyện Tân Hiệp",
      "Huyện U Minh Thượng",
      "Huyện Vĩnh Thuận"
    ]
  },
  {
    "province": "Kon Tum",
    "cities": [
      "Thành phố Kon Tum",
      "Huyện Đắk Glei",
      "Huyện Đắk Hà",
      "Huyện Đắk Tô",
      "Huyện Ia H'Drai",
      "Huyện Kon Plông",
      "Huyện Kon Rẫy",
      "Huyện Ngọc Hồi",
      "Huyện Sa Thầy",
      "Huyện Tu Mơ Rông"
    ]
  },
  {
    "province": "Lai Châu",
    "cities": [
      "Thành phố Lai Châu",
      "Huyện Mường Tè",
      "Huyện Nậm Nhùn",
      "Huyện Phong Thổ",
      "Huyện Sìn Hồ",
      "Huyện Tam Đường",
      "Huyện Tân Uyên",
      "Huyện Than Uyên"
    ]
  },
  {
    "province": "Lâm Đồng",
    "cities": [
      "Thành phố Đà Lạt",
      "Thành phố Bảo Lộc",
      "Huyện Bảo Lâm",
      "Huyện Cát Tiên",
      "Huyện Di Linh",
      "Huyện Đạ Huoai",
      "Huyện Đạ Tẻh",
      "Huyện Đam Rông",
      "Huyện Đức Trọng",
      "Huyện Lạc Dương",
      "Huyện Lâm Hà"
    ]
  },
  {
    "province": "Lạng Sơn",
    "cities": [
      "Thành phố Lạng Sơn",
      "Huyện Bắc Sơn",
      "Huyện Bình Gia",
      "Huyện Cao Lộc",
      "Huyện Chi Lăng",
      "Huyện Đình Lập",
      "Huyện Hữu Lũng",
      "Huyện Lộc Bình",
      "Huyện Tràng Định",
      "Huyện Văn Lãng",
      "Huyện Văn Quan"
    ]
  },
  {
    "province": "Lào Cai",
    "cities": [
      "Thành phố Lào Cai",
      "Thị xã Sa Pa",
      "Huyện Bát Xát",
      "Huyện Bảo Thắng",
      "Huyện Bảo Yên",
      "Huyện Bắc Hà",
      "Huyện Mường Khương",
      "Huyện Si Ma Cai",
      "Huyện Văn Bàn"
    ]
  },
  {
    "province": "Long An",
    "cities": [
      "Thành phố Tân An",
      "Thị xã Kiến Tường",
      "Huyện Bến Lức",
      "Huyện Cần Đước",
      "Huyện Cần Giuộc",
      "Huyện Châu Thành",
      "Huyện Đức Hòa",
      "Huyện Đức Huệ",
      "Huyện Mộc Hóa",
      "Huyện Tân Hưng",
      "Huyện Tân Thạnh",
      "Huyện Tân Trụ",
      "Huyện Thạnh Hóa",
      "Huyện Thủ Thừa",
      "Huyện Vĩnh Hưng"
    ]
  },
  {
    "province": "Nam Định",
    "cities": [
      "Thành phố Nam Định",
      "Huyện Giao Thủy",
      "Huyện Hải Hậu",
      "Huyện Mỹ Lộc",
      "Huyện Nam Trực",
      "Huyện Nghĩa Hưng",
      "Huyện Trực Ninh",
      "Huyện Vụ Bản",
      "Huyện Xuân Trường",
      "Huyện Ý Yên"
    ]
  },
  {
    "province": "Nghệ An",
    "cities": [
      "Thành phố Vinh",
      "Thị xã Cửa Lò",
      "Thị xã Hoàng Mai",
      "Thị xã Thái Hòa",
      "Huyện Anh Sơn",
      "Huyện Con Cuông",
      "Huyện Diễn Châu",
      "Huyện Đô Lương",
      "Huyện Hưng Nguyên",
      "Huyện Kỳ Sơn",
      "Huyện Nam Đàn",
      "Huyện Nghi Lộc",
      "Huyện Nghĩa Đàn",
      "Huyện Quế Phong",
      "Huyện Quỳ Châu",
      "Huyện Quỳ Hợp",
      "Huyện Quỳnh Lưu",
      "Huyện Tân Kỳ",
      "Huyện Thanh Chương",
      "Huyện Tương Dương",
      "Huyện Yên Thành"
    ]
  },
  {
    "province": "Ninh Bình",
    "cities": [
      "Thành phố Ninh Bình",
      "Thành phố Tam Điệp",
      "Huyện Gia Viễn",
      "Huyện Hoa Lư",
      "Huyện Kim Sơn",
      "Huyện Nho Quan",
      "Huyện Yên Khánh",
      "Huyện Yên Mô"
    ]
  },
  {
    "province": "Ninh Thuận",
    "cities": [
      "Thành phố Phan Rang - Tháp Chàm",
      "Huyện Bác Ái",
      "Huyện Ninh Hải",
      "Huyện Ninh Phước",
      "Huyện Ninh Sơn",
      "Huyện Thuận Bắc",
      "Huyện Thuận Nam"
    ]
  },
  {
    "province": "Phú Thọ",
    "cities": [
      "Thành phố Việt Trì",
      "Thị xã Phú Thọ",
      "Huyện Cẩm Khê",
      "Huyện Đoan Hùng",
      "Huyện Hạ Hòa",
      "Huyện Lâm Thao",
      "Huyện Phù Ninh",
      "Huyện Tam Nông",
      "Huyện Tân Sơn",
      "Huyện Thanh Ba",
      "Huyện Thanh Sơn",
      "Huyện Thanh Thủy",
      "Huyện Yên Lập"
    ]
  },
  {
    "province": "Phú Yên",
    "cities": [
      "Thành phố Tuy Hòa",
      "Thị xã Đông Hòa",
      "Thị xã Sông Cầu",
      "Huyện Đồng Xuân",
      "Huyện Phú Hòa",
      "Huyện Sơn Hòa",
      "Huyện Sông Hinh",
      "Huyện Tây Hòa",
      "Huyện Tuy An"
    ]
  },
  {
    "province": "Quảng Bình",
    "cities": [
      "Thành phố Đồng Hới",
      "Thị xã Ba Đồn",
      "Huyện Bố Trạch",
      "Huyện Lệ Thủy",
      "Huyện Minh Hóa",
      "Huyện Quảng Ninh",
      "Huyện Quảng Trạch",
      "Huyện Tuyên Hóa"
    ]
  },
  {
    "province": "Quảng Nam",
    "cities": [
      "Thành phố Tam Kỳ",
      "Thành phố Hội An",
      "Thị xã Điện Bàn",
      "Huyện Bắc Trà My",
      "Huyện Duy Xuyên",
      "Huyện Đại Lộc",
      "Huyện Đông Giang",
      "Huyện Hiệp Đức",
      "Huyện Nam Giang",
      "Huyện Nam Trà My",
      "Huyện Nông Sơn",
      "Huyện Núi Thành",
      "Huyện Phú Ninh",
      "Huyện Phước Sơn",
      "Huyện Quế Sơn",
      "Huyện Tây Giang",
      "Huyện Thăng Bình",
      "Huyện Tiên Phước"
    ]
  },
  {
    "province": "Quảng Ngãi",
    "cities": [
      "Thành phố Quảng Ngãi",
      "Thị xã Đức Phổ",
      "Huyện Bình Sơn",
      "Huyện Lý Sơn",
      "Huyện Minh Long",
      "Huyện Mộ Đức",
      "Huyện Nghĩa Hành",
      "Huyện Sơn Hà",
      "Huyện Sơn Tây",
      "Huyện Sơn Tịnh",
      "Huyện Trà Bồng",
      "Huyện Tư Nghĩa",
      "Huyện Ba Tơ"
    ]
  },
  {
    "province": "Quảng Ninh",
    "cities": [
      "Thành phố Hạ Long",
      "Thành phố Cẩm Phả",
      "Thành phố Uông Bí",
      "Thành phố Móng Cái",
      "Thị xã Đông Triều",
      "Thị xã Quảng Yên",
      "Huyện Ba Chẽ",
      "Huyện Bình Liêu",
      "Huyện Cô Tô",
      "Huyện Đầm Hà",
      "Huyện Hải Hà",
      "Huyện Hoành Bồ",
      "Huyện Tiên Yên",
      "Huyện Vân Đồn"
    ]
  },
  {
    "province": "Quảng Trị",
    "cities": [
      "Thành phố Đông Hà",
      "Thị xã Quảng Trị",
      "Huyện Cam Lộ",
      "Huyện Cồn Cỏ",
      "Huyện Đa Krông",
      "Huyện Gio Linh",
      "Huyện Hải Lăng",
      "Huyện Hướng Hóa",
      "Huyện Triệu Phong",
      "Huyện Vĩnh Linh"
    ]
  },
  {
    "province": "Sóc Trăng",
    "cities": [
      "Thành phố Sóc Trăng",
      "Thị xã Ngã Năm",
      "Thị xã Vĩnh Châu",
      "Huyện Cù Lao Dung",
      "Huyện Châu Thành",
      "Huyện Kế Sách",
      "Huyện Long Phú",
      "Huyện Mỹ Tú",
      "Huyện Mỹ Xuyên",
      "Huyện Thạnh Trị",
      "Huyện Trần Đề"
    ]
  },
  {
    "province": "Sơn La",
    "cities": [
      "Thành phố Sơn La",
      "Thị xã Mộc Châu",
      "Huyện Bắc Yên",
      "Huyện Mai Sơn",
      "Huyện Mường La",
      "Huyện Phù Yên",
      "Huyện Quỳnh Nhai",
      "Huyện Sông Mã",
      "Huyện Thuận Châu",
      "Huyện Vân Hồ",
      "Huyện Yên Châu"
    ]
  },
  {
    "province": "Tây Ninh",
    "cities": [
      "Thành phố Tây Ninh",
      "Thị xã Trảng Bàng",
      "Thị xã Hòa Thành",
      "Huyện Bến Cầu",
      "Huyện Châu Thành",
      "Huyện Dương Minh Châu",
      "Huyện Gò Dầu",
      "Huyện Tân Biên",
      "Huyện Tân Châu"
    ]
  },
  {
    "province": "Thái Bình",
    "cities": [
      "Thành phố Thái Bình",
      "Thị xã Tiền Hải",
      "Huyện Đông Hưng",
      "Huyện Hưng Hà",
      "Huyện Kiến Xương",
      "Huyện Quỳnh Phụ",
      "Huyện Thái Thụy",
      "Huyện Vũ Thư"
    ]
  },
  {
    "province": "Thái Nguyên",
    "cities": [
      "Thành phố Thái Nguyên",
      "Thành phố Sông Công",
      "Thành phố Phổ Yên",
      "Huyện Đại Từ",
      "Huyện Định Hóa",
      "Huyện Đồng Hỷ",
      "Huyện Phú Bình",
      "Huyện Phú Lương",
      "Huyện Võ Nhai"
    ]
  },
  {
    "province": "Thanh Hóa",
    "cities": [
      "Thành phố Thanh Hóa",
      "Thành phố Sầm Sơn",
      "Thị xã Bỉm Sơn",
      "Thị xã Nghi Sơn",
      "Huyện Cẩm Thủy",
      "Huyện Đông Sơn",
      "Huyện Hà Trung",
      "Huyện Hậu Lộc",
      "Huyện Hoằng Hóa",
      "Huyện Lang Chánh",
      "Huyện Mường Lát",
      "Huyện Nga Sơn",
      "Huyện Ngọc Lặc",
      "Huyện Như Thanh",
      "Huyện Như Xuân",
      "Huyện Nông Cống",
      "Huyện Quan Hóa",
      "Huyện Quan Sơn",
      "Huyện Quảng Xương",
      "Huyện Thạch Thành",
      "Huyện Thiệu Hóa",
      "Huyện Thường Xuân",
      "Huyện Triệu Sơn",
      "Huyện Vĩnh Lộc",
      "Huyện Yên Định"
    ]
  },
  {
    "province": "Thừa Thiên Huế",
    "cities": [
      "Thành phố Huế",
      "Thị xã Hương Thủy",
      "Thị xã Hương Trà",
      "Huyện A Lưới",
      "Huyện Nam Đông",
      "Huyện Phong Điền",
      "Huyện Phú Lộc",
      "Huyện Phú Vang",
      "Huyện Quảng Điền"
    ]
  },
  {
    "province": "Tiền Giang",
    "cities": [
      "Thành phố Mỹ Tho",
      "Thị xã Cai Lậy",
      "Thị xã Gò Công",
      "Huyện Cái Bè",
      "Huyện Cai Lậy",
      "Huyện Châu Thành",
      "Huyện Chợ Gạo",
      "Huyện Gò Công Đông",
      "Huyện Gò Công Tây",
      "Huyện Tân Phú Đông",
      "Huyện Tân Phước"
    ]
  },
  {
    "province": "Trà Vinh",
    "cities": [
      "Thành phố Trà Vinh",
      "Thị xã Duyên Hải",
      "Huyện Càng Long",
      "Huyện Cầu Kè",
      "Huyện Cầu Ngang",
      "Huyện Châu Thành",
      "Huyện Duyên Hải",
      "Huyện Tiểu Cần",
      "Huyện Trà Cú"
    ]
  },
  {
    "province": "Tuyên Quang",
    "cities": [
      "Thành phố Tuyên Quang",
      "Huyện Chiêm Hóa",
      "Huyện Hàm Yên",
      "Huyện Lâm Bình",
      "Huyện Na Hang",
      "Huyện Sơn Dương",
      "Huyện Yên Sơn"
    ]
  },
  {
    "province": "Vĩnh Long",
    "cities": [
      "Thành phố Vĩnh Long",
      "Thị xã Bình Minh",
      "Huyện Bình Tân",
      "Huyện Long Hồ",
      "Huyện Mang Thít",
      "Huyện Tam Bình",
      "Huyện Trà Ôn",
      "Huyện Vũng Liêm"
    ]
  },
  {
    "province": "Vĩnh Phúc",
    "cities": [
      "Thành phố Vĩnh Yên",
      "Thành phố Phúc Yên",
      "Huyện Bình Xuyên",
      "Huyện Lập Thạch",
      "Huyện Sông Lô",
      "Huyện Tam Dương",
      "Huyện Tam Đảo",
      "Huyện Vĩnh Tường",
      "Huyện Yên Lạc"
    ]
  },
  {
    "province": "Yên Bái",
    "cities": [
      "Thành phố Yên Bái",
      "Thị xã Nghĩa Lộ",
      "Huyện Lục Yên",
      "Huyện Mù Cang Chải",
      "Huyện Trạm Tấu",
      "Huyện Trấn Yên",
      "Huyện Văn Chấn",
      "Huyện Văn Yên",
      "Huyện Yên Bình"
    ]
  }
]

